{"cameraMode":{"drawMode":0,"name":"Shaded","section":"Shading Mode"},"sceneLighting":true,"audioPlay":false,"sceneViewState":{"showFog":true,"showMaterialUpdate":false,"showSkybox":true,"showFlares":true,"showImageEffects":true,"showParticleSystems":true},"in2DMode":false,"pivot":{"x":2.870119094848633,"y":-6.199466705322266,"z":-0.20459556579589845},"rotation":{"x":-0.09775439649820328,"y":0.8831211924552918,"z":-0.21219640970230103,"w":-0.40683555603027346},"size":16.18370819091797,"orthographic":false}